{
  "sections": {
    "hero": {
      "type": "hero-luxury",
      "settings": {
        "luxury_badge": "Exclusive Collection",
        "heading": "Luxury Redefined",
        "subheading": "Experience the Pinnacle of Elegance",
        "description": "<p>Discover our curated collection of premium products, meticulously crafted for those who appreciate the finest things in life.</p>",
        "button_primary_text": "Explore Collection",
        "button_primary_link": "/collections/all",
        "button_secondary_text": "Our Story",
        "button_secondary_link": "/pages/about",
        "section_height": 95,
        "mobile_height": 75,
        "text_alignment": "center",
        "background_color": "#0a0a0a",
        "text_color": "#ffffff",
        "gradient_color_1": "#1a1a1a",
        "gradient_color_2": "#2d2d2d",
        "overlay_opacity": 40,
        "show_particles": true,
        "show_scroll_indicator": true,
        "show_trust_indicators": true
      }
    },
    "featured_products": {
      "type": "featured-products",
      "settings": {
        "heading": "Featured Collection",
        "subheading": "Best Sellers",
        "products_to_show": 4,
        "products_per_row": 4,
        "show_quick_add": true,
        "show_second_image": true,
        "show_color_swatches": true
      }
    },
    "collection_showcase": {
      "type": "collection-list",
      "settings": {
        "heading": "Shop by Category",
        "collections_to_show": 3
      }
    },
    "testimonials": {
      "type": "testimonials",
      "settings": {
        "heading": "What Our Customers Say"
      }
    },
    "newsletter": {
      "type": "newsletter",
      "settings": {
        "heading": "Stay in Touch",
        "subheading": "Subscribe to receive exclusive offers and the latest news"
      }
    }
  },
  "order": [
    "hero",
    "featured_products",
    "collection_showcase",
    "testimonials",
    "newsletter"
  ]
}