{
  "sections": {
    "main": {
      "type": "main-product",
      "blocks": {
        "title": {
          "type": "title",
          "settings": {}
        },
        "vendor": {
          "type": "vendor",
          "settings": {}
        },
        "price": {
          "type": "price",
          "settings": {}
        },
        "variant_picker": {
          "type": "variant_picker",
          "settings": {
            "picker_type": "button"
          }
        },
        "quantity_selector": {
          "type": "quantity_selector",
          "settings": {}
        },
        "buy_buttons": {
          "type": "buy_buttons",
          "settings": {
            "show_dynamic_checkout": true
          }
        },
        "description": {
          "type": "description",
          "settings": {}
        },
        "share": {
          "type": "share",
          "settings": {}
        }
      },
      "block_order": [
        "title",
        "vendor",
        "price",
        "variant_picker",
        "quantity_selector",
        "buy_buttons",
        "description",
        "share"
      ],
      "settings": {
        "media_layout": "thumbnails",
        "enable_zoom": true,
        "enable_video_looping": true
      }
    },
    "product_recommendations": {
      "type": "product-recommendations",
      "settings": {
        "heading": "You May Also Like",
        "products_to_show": 4
      }
    },
    "recently_viewed": {
      "type": "recently-viewed",
      "settings": {
        "heading": "Recently Viewed"
      }
    }
  },
  "order": [
    "main",
    "product_recommendations",
    "recently_viewed"
  ]
}