[
  {
    "name": "theme_info",
    "theme_name": "Prestige",
    "theme_version": "1.0.0",
    "theme_author": "Michael Benjamin Crowe",
    "theme_documentation_url": "https://prestige-theme.com/docs",
    "theme_support_url": "https://prestige-theme.com/support"
  },
  {
    "name": "Colors",
    "settings": [
      {
        "type": "header",
        "content": "Primary colors"
      },
      {
        "type": "color",
        "id": "color_primary",
        "label": "Primary color",
        "default": "#000000"
      },
      {
        "type": "color",
        "id": "color_secondary",
        "label": "Secondary color",
        "default": "#8B7355"
      },
      {
        "type": "color",
        "id": "color_accent",
        "label": "Accent color",
        "default": "#D4AF37"
      },
      {
        "type": "header",
        "content": "Background colors"
      },
      {
        "type": "color",
        "id": "color_background",
        "label": "Background",
        "default": "#FFFFFF"
      },
      {
        "type": "color",
        "id": "color_background_secondary",
        "label": "Secondary background",
        "default": "#F8F6F3"
      },
      {
        "type": "header",
        "content": "Text colors"
      },
      {
        "type": "color",
        "id": "color_text",
        "label": "Text",
        "default": "#1C1C1C"
      },
      {
        "type": "color",
        "id": "color_text_light",
        "label": "Light text",
        "default": "#666666"
      }
    ]
  },
  {
    "name": "Typography",
    "settings": [
      {
        "type": "header",
        "content": "Heading font"
      },
      {
        "type": "font_picker",
        "id": "type_header_font",
        "label": "Font",
        "default": "playfair_display_n4"
      },
      {
        "type": "range",
        "id": "type_header_base_size",
        "label": "Base size",
        "min": 24,
        "max": 48,
        "step": 2,
        "unit": "px",
        "default": 36
      },
      {
        "type": "header",
        "content": "Body font"
      },
      {
        "type": "font_picker",
        "id": "type_body_font",
        "label": "Font",
        "default": "assistant_n4"
      },
      {
        "type": "range",
        "id": "type_body_base_size",
        "label": "Base size",
        "min": 14,
        "max": 20,
        "step": 1,
        "unit": "px",
        "default": 16
      }
    ]
  },
  {
    "name": "Layout",
    "settings": [
      {
        "type": "select",
        "id": "page_width",
        "label": "Page width",
        "options": [
          {
            "value": "1200",
            "label": "1200px"
          },
          {
            "value": "1400",
            "label": "1400px"
          },
          {
            "value": "1600",
            "label": "1600px"
          },
          {
            "value": "full",
            "label": "Full width"
          }
        ],
        "default": "1400"
      },
      {
        "type": "range",
        "id": "spacing_grid",
        "label": "Grid spacing",
        "min": 16,
        "max": 48,
        "step": 4,
        "unit": "px",
        "default": 24
      },
      {
        "type": "range",
        "id": "spacing_sections",
        "label": "Section spacing",
        "min": 40,
        "max": 120,
        "step": 8,
        "unit": "px",
        "default": 80
      }
    ]
  },
  {
    "name": "Header",
    "settings": [
      {
        "type": "select",
        "id": "header_layout",
        "label": "Header layout",
        "options": [
          {
            "value": "logo-left",
            "label": "Logo left"
          },
          {
            "value": "logo-center",
            "label": "Logo center"
          },
          {
            "value": "logo-center-menu-below",
            "label": "Logo center, menu below"
          }
        ],
        "default": "logo-center"
      },
      {
        "type": "checkbox",
        "id": "sticky_header",
        "label": "Enable sticky header",
        "default": true
      },
      {
        "type": "checkbox",
        "id": "transparent_header",
        "label": "Enable transparent header on homepage",
        "default": true
      },
      {
        "type": "image_picker",
        "id": "logo",
        "label": "Logo"
      },
      {
        "type": "range",
        "id": "logo_width",
        "label": "Logo width",
        "min": 80,
        "max": 300,
        "step": 10,
        "unit": "px",
        "default": 180
      }
    ]
  },
  {
    "name": "Footer",
    "settings": [
      {
        "type": "select",
        "id": "footer_layout",
        "label": "Footer layout",
        "options": [
          {
            "value": "1-column",
            "label": "1 column"
          },
          {
            "value": "4-columns",
            "label": "4 columns"
          },
          {
            "value": "5-columns",
            "label": "5 columns"
          }
        ],
        "default": "4-columns"
      },
      {
        "type": "checkbox",
        "id": "show_newsletter",
        "label": "Show newsletter signup",
        "default": true
      },
      {
        "type": "checkbox",
        "id": "show_social_icons",
        "label": "Show social icons",
        "default": true
      }
    ]
  },
  {
    "name": "Product cards",
    "settings": [
      {
        "type": "select",
        "id": "product_card_layout",
        "label": "Product card layout",
        "options": [
          {
            "value": "standard",
            "label": "Standard"
          },
          {
            "value": "minimal",
            "label": "Minimal"
          },
          {
            "value": "detailed",
            "label": "Detailed"
          }
        ],
        "default": "minimal"
      },
      {
        "type": "checkbox",
        "id": "show_second_image",
        "label": "Show second image on hover",
        "default": true
      },
      {
        "type": "checkbox",
        "id": "show_quick_add",
        "label": "Show quick add button",
        "default": true
      },
      {
        "type": "checkbox",
        "id": "show_color_swatches",
        "label": "Show color swatches",
        "default": true
      }
    ]
  },
  {
    "name": "Cart",
    "settings": [
      {
        "type": "select",
        "id": "cart_type",
        "label": "Cart type",
        "options": [
          {
            "value": "drawer",
            "label": "Drawer"
          },
          {
            "value": "modal",
            "label": "Modal"
          },
          {
            "value": "page",
            "label": "Page"
          }
        ],
        "default": "drawer"
      },
      {
        "type": "checkbox",
        "id": "show_cart_note",
        "label": "Enable cart note",
        "default": true
      },
      {
        "type": "checkbox",
        "id": "show_free_shipping_bar",
        "label": "Show free shipping progress bar",
        "default": true
      },
      {
        "type": "number",
        "id": "free_shipping_threshold",
        "label": "Free shipping threshold",
        "default": 100
      }
    ]
  },
  {
    "name": "Social media",
    "settings": [
      {
        "type": "text",
        "id": "social_facebook",
        "label": "Facebook URL"
      },
      {
        "type": "text",
        "id": "social_instagram",
        "label": "Instagram URL"
      },
      {
        "type": "text",
        "id": "social_twitter",
        "label": "Twitter URL"
      },
      {
        "type": "text",
        "id": "social_pinterest",
        "label": "Pinterest URL"
      },
      {
        "type": "text",
        "id": "social_youtube",
        "label": "YouTube URL"
      },
      {
        "type": "text",
        "id": "social_tiktok",
        "label": "TikTok URL"
      }
    ]
  },
  {
    "name": "Favicon",
    "settings": [
      {
        "type": "image_picker",
        "id": "favicon",
        "label": "Favicon",
        "info": "32 x 32px .png recommended"
      }
    ]
  }
]